name,Price,Stock in Ohio,Stock in Utah
Ubiquiti Networks NBE-2AC-13-US 2.4GHz NanoBeam ac 13dBi 2x2 US,$99.00,Ohio : 135,Utah : 86
Ubiquiti Networks XR5 5GHz XtreamRange5 1x1 Mini-PCI,$105.00,Ohio : 0,Utah : 0
Ubiquiti Networks PBE-5AC-400-ISO-US 5GHz PowerBeam ac ISO 25dBi 400mm US,$129.00,Ohio : 0,Utah : 0
Ubiquiti Networks XR2 2.4GHz XtreamRange2 1x1 600mW Mini-PCI,$105.00,Ohio : 3,Utah : 184
Ubiquiti Networks PBE-5AC-620-US 5GHz PowerBeam ac 29dBi 620mm US,$219.00,Ohio : 0,Utah : 0
Ubiquiti Networks PBE-5AC-ISO-GEN2-US 5GHz PowerBeam ac Gen2 ISO 25dBi US,$135.00,Ohio : 0,Utah : 0
Ubiquiti Networks PBE-M5-400-US 5GHz PowerBeam M5 25dBi 400mm US,$95.00,Ohio : 0,Utah : 0
"Ubiquiti Networks PC-12 Outdoor DC Power Cabling, 12 AWG 1000Ft",$599.00,Ohio : 0,Utah : 0
Ubiquiti Networks POE-15-12W 15V PoE 0.8A w/US Power Cord,$9.00,Ohio : 0,Utah : 20
Ubiquiti Networks POE-24-12W 24V PoE 0.5A w/US Power Cord,$9.00,Ohio : 0,Utah : 0
Ubiquiti Networks POE-24-24W 24V PoE 1A w/US Power Cord,$15.00,Ohio : 19,Utah : 43
Ubiquiti Networks POE-24-24W-G 24V PoE 1A Gigabit w/US Power Cord,$16.00,Ohio : 0,Utah : 148
Ubiquiti Networks POE-24-30W-G-WH 24V PoE 1.25A Gigabit White,$16.00,Ohio : 26,Utah : 0
Ubiquiti Networks POE-24-AF5X 24V PoE 1A AF-5X w/US Power Cord,$16.00,Ohio : 0,Utah : 28
Ubiquiti Networks POE-48-24W 48V PoE 0.5A w/US Power Cord,$15.00,Ohio : 484,Utah : 530
Ubiquiti Networks POE-WM PoE Wall Mount Bracket,$1.00,Ohio : 0,Utah : 43
Ubiquiti Networks PS-5AC-US 5GHz PrismStation AC US,$299.00,Ohio : 0,Utah : 0
Ubiquiti Networks RAD-RD2 RocketDish Radome 2ft,$79.00,"Ohio : 0
10 next available on 2023-07-18",Utah : 3
Ubiquiti Networks RD-5G31-AC 5GHz RocketDish ac 31dBi 2x2 MIMO,$339.00,Ohio : 6,Utah : 6
Ubiquiti Networks RD-5G34 5GHz RocketDish 34dBi 2x2 3ft,$329.00,Ohio : 0,Utah : 3
Ubiquiti Networks RP-5AC-GEN2-US 5GHz Rocket ac Gen2 Prism US,$249.00,Ohio : 1,Utah : 19
Ubiquiti Networks RPS-AC-100W AC/DC Power Module,$69.00,Ohio : 10,Utah : 11
Ubiquiti Networks RPS-DC-100W DC/DC Power Module,$89.00,Ohio : 0,Utah : 0
Ubiquiti Networks AMO-2G13 2.4GHz airMAX Omni 13dBi 2x2,$245.00,Ohio : 2,Utah : 2
Ubiquiti Networks ACB-AC airCube AC 802.11ac 2x2 ROW,$79.00,Ohio : 0,Utah : 0
Ubiquiti Networks AF-24 24GHz airFiber PtP 1.4Gbps+ Radio ROW,"$1,497.50",Ohio : 0,Utah : 0
Ubiquiti Networks AF-24HD 24GHz airFiber PtP 2Gbps Radio ROW,"$3,000.00",Ohio : 0,Utah : 0
Ubiquiti Networks SM-SP-40 SunMax SolarPoint,$199.00,Ohio : 0,Utah : 0
Ubiquiti Networks AF-2X 2.4GHz airFiberX PtP 500Mbps+ Radio ROW,$499.00,Ohio : 49,Utah : 169
Ubiquiti Networks AF-3G26-S45 3GHz airFiberX Dish 26dBi Slant 45,$299.00,Ohio : 1,Utah : 3
Ubiquiti Networks AF-3X-US 3GHz airFiberX PtP 500Mbps+ Radio US,$799.00,Ohio : 0,Utah : 3
Ubiquiti Networks AF-5G-OMT-S45 5GHz airFiberX Conversion Kit Slant 45,$39.00,Ohio : 0,Utah : 9
Ubiquiti Networks AF-5U 5.7-6.2GHz airFiber PtP 500Mbps+ ROW,$999.00,Ohio : 0,Utah : 0
Ubiquiti Networks AF-5-US 5.4-5.9GHz airFiber PtP 500Mbps+ US,$999.00,Ohio : 0,Utah : 0
Ubiquiti Networks ACB-AC-US airCube AC 802.11ac 2x2 US,$79.00,Ohio : 723,"Utah : 1,323"
Ubiquiti Networks AF-5XHD 5GHz airFiberX PtP 1Gbps+ Radio ROW,$429.00,Ohio : 0,Utah : 0
Ubiquiti Networks AF60-HD-US 60GHz airFiber SFP+ US,$359.00,Ohio : 199,Utah : 95
Ubiquiti Networks AFi-ALN-R-US AmpliFi Alien WiFi System US,$379.00,Ohio : 34,Utah : 0
Ubiquiti Networks AFi-ALN-US AmpliFi Alien WiFi Kit,$699.00,Ohio : 6,Utah : 10
Ubiquiti Networks AFi-G AmpliFi Gaming WiFi,$379.00,Ohio : 0,Utah : 0
Ubiquiti Networks AFi-HD-US AmpliFi High Density Home WiFi US,$349.00,Ohio : 0,Utah : 78
Ubiquiti Networks AFi-R-US AmpliFi High Density Home WiFi Router US,$149.99,Ohio : 0,Utah : 0
Ubiquiti Networks AM-3G18-120 3GHz airMAX 120° Sector 18dBi,$199.00,Ohio : 0,Utah : 2
Ubiquiti Networks SR71-15 5GHz SuperRange71-15 2x2 Mini-PCI,$79.00,Ohio : 51,Utah : 0
Ubiquiti Networks AM-M-V5G-TI 5GHz airMAX 60-120° Sector 15-17dBi Ti,$170.00,Ohio : 8,Utah : 8
Ubiquiti Networks AMO-3G12 3GHz airMAX Omni 12dBi 2x2,$159.00,Ohio : 1,Utah : 0
Ubiquiti Networks CRM-P CRM Point Advanced Device Management,$99.00,Ohio : 36,Utah : 52
Ubiquiti Networks EP-54V-72W EdgePower 54V-72W,$159.00,Ohio : 7,Utah : 0
Ubiquiti Networks ERPRO-8 EdgeRouter Pro 8-Port Gigabit,$399.00,Ohio : 0,Utah : 0
Ubiquiti Networks ES-18X EdgeSwitch 16-Port Gigabit 2-Port SFP,$169.00,Ohio : 0,Utah : 0
Ubiquiti Networks Horn-5-30 Horn 5GHz 30° Isolation Horn Antenna,$79.00,Ohio : 0,"Utah : 0
4 next available on 2023-07-18"
Ubiquiti Networks Horn-5-45 Horn 5GHz 45° Isolation Horn Antenna,$79.00,Ohio : 21,Utah : 22
Ubiquiti Networks IS-5AC 5GHz IsoStation ac CPE 14dBi ROW,$129.00,Ohio : 0,Utah : 0
Ubiquiti Networks IS-M5 5GHz IsoStation CPE 14dBi ROW,$109.00,Ohio : 120,Utah : 0
Ubiquiti Networks SR71-C 2.4/5GHz SuperRange71-C 2x2 PCMCIA,$139.00,Ohio : 0,Utah : 80
Ubiquiti Networks IS-M5-US 5GHz IsoStation CPE 14dBi US,$109.00,Ohio : 179,Utah : 0
Ubiquiti Networks IW-HD-CT-3 Concrete Design UAP-IW-HD Case 3Pk,$38.00,Ohio : 0,Utah : 19
Ubiquiti Networks LBE-5AC-GEN2 5GHz LiteBeam ac Gen2 23dBi ROW,$65.00,Ohio : 0,Utah : 0
Ubiquiti Networks LBE-5AC-GEN2-5-US 5GHz LiteBeam ac Gen2 23dBi US 5Pk,$320.00,Ohio : 28,Utah : 92
Ubiquiti Networks LBE-5AC-LR 5GHz LiteBeam ac Long-Range 26dBi ROW,$109.00,Ohio : 0,Utah : 0
Ubiquiti Networks LBE-5AC-LR-5 5GHz LiteBeam ac LongRange 26dBi 5Pk ROW,$545.00,Ohio : 0,Utah : 0
Ubiquiti Networks LBE-5AC-LR-5-US 5GHz LiteBeam ac LongRange 26dBi 5Pk US,$545.00,Ohio : 23,Utah : 145
Ubiquiti Networks Loco5AC-5 5GHz NanoStation 5AC Loco 5Pk ROW,$240.00,Ohio : 0,Utah : 0
Ubiquiti Networks Loco5AC-5-US 5GHz NanoStation 5AC Loco 5Pk US,$240.00,Ohio : 0,"Utah : 1,053"
Ubiquiti Networks MUSB-1A-B-5 UF-Loco Micro USB Power Supply 5Pk,$15.00,Ohio : 0,Utah : 0
Ubiquiti Networks nanoHD-RCM-3 nanoHD Recessed Ceiling Mount 3Pk,$49.00,Ohio : 0,Utah : 0
Ubiquiti Networks NBE-5AC-GEN2 5GHz NanoBeam ac Gen2 19dBi ROW,$99.00,Ohio : 0,Utah : 0
Ubiquiti Networks NBE-M5-19 5GHz NanoBeam M5 19dBi 2x2 ROW,$89.00,Ohio : 0,Utah : 0
Ubiquiti Networks NBM365 NanoBridgeM365 Radio,$185.00,Ohio : 0,Utah : 0
Ubiquiti Networks NSM365 3.65GHz NanoStation M365 2x2,$129.00,Ohio : 0,Utah : 0
Ubiquiti Networks PBE-2AC-400 2.4GHz PowerBeam ac 18dBi 400mm,$119.00,Ohio : 0,Utah : 0
Ubiquiti Networks PBE-5AC-620 5GHz PowerBeam ac 29dBi 620mm ROW,$219.00,Ohio : 0,Utah : 0
Ubiquiti Networks PBE-5AC-GEN2 5GHz PowerBeam ac Gen2 25dBi ROW,$119.00,Ohio : 0,Utah : 0
Ubiquiti Networks PBE-5AC-GEN2-5 5GHz PowerBeam ac Gen2 25dBi ROW 5Pk,$580.00,Ohio : 0,Utah : 0
Ubiquiti Networks PBE-5AC-GEN2-5-US 5GHz PowerBeam ac Gen2 25dBi US 5Pk,$580.00,Ohio : 0,Utah : 822
Ubiquiti Networks PBE-M5-300 5GHz PowerBeam M5 22dBi 300mm ROW,$79.00,Ohio : 0,Utah : 0
Ubiquiti Networks PBE-M5-300-ISO 5GHz PowerBeam M5 ISO 22dBi 300mm ROW,$95.00,Ohio : 0,Utah : 0
Ubiquiti Networks INS-8023af-I Instant 802.3af Indoor Adapter,$19.00,Ohio : 0,Utah : 237
Ubiquiti Networks POE-24-24W-WH 24V PoE 1A White,$15.00,Ohio : 194,Utah : 172
Ubiquiti Networks UBNT-EU EU PowerCord,$6.95,Ohio : 5,Utah : 0
Ubiquiti Networks U-Cable-Patch-0.3M-RJ45 UniFi Cat6 Patch Cable 0.3m White,$2.20,Ohio : 146,Utah : 18
Ubiquiti Networks U-Cable-Patch-1M-RJ45 UniFi Cat6 Patch Cable 1m White,$2.60,Ohio : 0,Utah : 8
Ubiquiti Networks U-Cable-Patch-1M-RJ45-BK UniFi Cat6 Patch Cable 1m Black,$2.60,Ohio : 7,Utah : 11
Ubiquiti Networks U-Cable-Patch-2M-RJ45 UniFi Cat6 Patch Cable 2m White,$3.40,Ohio : 100,Utah : 76
Ubiquiti Networks U-Cable-Patch-2M-RJ45-BK UniFi Cat6 Patch Cable 2m Black,$3.40,Ohio : 0,Utah : 0
Ubiquiti Networks U-Cable-Patch-2M-RJ45-BL UniFi Cat6 Patch Cable 2m Blue,$3.40,Ohio : 2,Utah : 0
Ubiquiti Networks U-Cable-Patch-3M-RJ45 UniFi Cat6 Patch Cable 3m White,$4.00,Ohio : 117,Utah : 180
Ubiquiti Networks U-Cable-Patch-3M-RJ45-BK UniFi Cat6 Patch Cable 3m Black,$4.00,Ohio : 0,Utah : 41
Ubiquiti Networks U-Cable-Patch-5M-RJ45 UniFi Cat6 Patch Cable 5m White,$5.40,Ohio : 179,Utah : 114
Ubiquiti Networks U-Cable-Patch-5M-RJ45-BK UniFi Cat6 Patch Cable 5m Black,$5.40,Ohio : 95,Utah : 174
Ubiquiti Networks U-Cable-Patch-5M-RJ45-BL UniFi Cat6 Patch Cable 5m Blue,$5.40,Ohio : 80,Utah : 64
Ubiquiti Networks U-Cable-Patch-8M-RJ45 UniFi Cat6 Patch Cable 8m White,$7.40,Ohio : 0,Utah : 0
Ubiquiti Networks U-Cable-Patch-8M-RJ45-BK UniFi Cat6 Patch Cable 8m Black,$7.40,Ohio : 0,Utah : 60
Ubiquiti Networks U-Cable-Patch-8M-RJ45-BL UniFi Cat6 Patch Cable 8m Blue,$7.40,Ohio : 0,Utah : 36
Ubiquiti Networks U-Cable-Patch-RJ45-BL-50 UniFi Cat6 Patch Cable 0.1m Blue 50pk,$92.00,Ohio : 0,Utah : 0
Ubiquiti Networks UF-Instant UFiber Instant,$39.00,Ohio : 0,Utah : 0
Ubiquiti Networks UF-SM-PATCH-APC-APC UFiber PatchCord APC/APC,$3.00,Ohio : 40,Utah : 50
Ubiquiti Networks UF-SM-PATCH-UPC-APC UFiber PatchCord UPC/APC,$2.00,Ohio : 1,Utah : 42
Ubiquiti Networks USP-Cable UniFi SmartPower Cable 1.5m,$29.00,Ohio : 0,Utah : 128
Ubiquiti Networks AFi-INS-R-US AmpliFi Instant Router US,$99.00,Ohio : 0,Utah : 0
Ubiquiti Networks AFi-INS-US AmpliFi Instant Kit US,$179.99,Ohio : 0,Utah : 0
Ubiquiti Networks BM2HP 2.4GHz Bullet M2 HP 600mW ROW,$79.00,Ohio : 0,Utah : 0
Ubiquiti Networks BM2HP-US 2.4GHz Bullet M2 HP 600mW US,$79.00,Ohio : 23,Utah : 89
Ubiquiti Networks BM5-Ti 5GHz Bullet M5 Titanium 300mW ROW,$115.00,Ohio : 0,Utah : 0
Ubiquiti Networks BulletAC-IP67 2.4/5GHz Bullet Dual-Band AC IP67 ROW,$129.00,Ohio : 0,Utah : 0
Ubiquiti Networks U6-Lite UniFi AP 6 Lite ROW,$99.00,Ohio : 0,Utah : 0
Ubiquiti Networks AF-11-DUP-H airFiber 11GHz High-Band Duplexer,$199.00,Ohio : 1,Utah : 9
Ubiquiti Networks AF-11-DUP-L airFiber 11GHz Low-Band Duplexer,$199.00,Ohio : 1,Utah : 5
Ubiquiti Networks AF-MPX8 airFiber 8x8 MIMO Multiplexor for AF-5X,$119.00,Ohio : 0,Utah : 4
Ubiquiti Networks B-DB-AC 2.4/5GHz Bullet Dual-Band AC ROW,$99.00,Ohio : 0,Utah : 0
Ubiquiti Networks LAP-120 5GHz LiteAP ac 16dBi ROW,$89.00,Ohio : 0,Utah : 0
Ubiquiti Networks LAP-GPS 5GHz LiteAP GPS 17dBi ROW,$99.00,Ohio : 0,Utah : 0
Ubiquiti Networks LBE-5AC-16-120 5GHz LiteBeam ac w/120° Sector 16dBi ROW,$89.00,Ohio : 0,Utah : 0
Ubiquiti Networks LBE-5AC-23 5GHz LiteBeam ac 23dBi ROW,$59.00,Ohio : 0,Utah : 0
Ubiquiti Networks LBE-M5-23 5GHz LiteBeam M5 23dBi 1x1 ROW,$49.00,Ohio : 0,Utah : 0
Ubiquiti Networks nanoHD-RetroFit-3 UAP AC Pro to nanoHD Upgrade Mount 3Pk,$29.00,Ohio : 0,Utah : 2
Ubiquiti Networks NBE-19-WM Window Mount for NBE-19 NanoBeams,$9.00,Ohio : 0,Utah : 0
Ubiquiti Networks NBE-2AC-13 2.4GHz NanoBeam ac 13dBi 2x2 ROW,$99.00,Ohio : 0,Utah : 0
Ubiquiti Networks NBE-M2-13 2.4GHz NanoBeam M2 13dBi 2x2 ROW,$89.00,Ohio : 0,Utah : 0
Ubiquiti Networks NBM9 NanoBridgeM9 Radio,$139.00,Ohio : 0,Utah : 2
Ubiquiti Networks PBE-5AC-ISO-GEN2 5GHz PowerBeam ac Gen2 ISO 25dBi ROW,$135.00,Ohio : 0,Utah : 0
Ubiquiti Networks PS-5AC 5GHz PrismStation AC ROW,$299.00,Ohio : 0,Utah : 0
Ubiquiti Networks RM3 3GHz Rocket M3 2x2 ROW,$179.00,Ohio : 0,Utah : 0
Ubiquiti Networks RM5 5GHz Rocket M5 2x2 ROW,$89.00,Ohio : 0,Utah : 0
Ubiquiti Networks SR71-X 2.4/5GHz SuperRange71-X 2x2 ExpressCard,$79.00,Ohio : 0,Utah : 67
Ubiquiti Networks SRC 2.4/5GHz SuperRange 1x1 PCMCIA,$132.95,Ohio : 0,Utah : 28
Ubiquiti Networks SRC4 4.9GHz SuperRange4 1x1 PCMCIA,$189.00,Ohio : 0,Utah : 32
Ubiquiti Networks TC-GND-20 TOUGHCable Grounded Ethernet Conn 20pc,$24.95,Ohio : 0,Utah : 22
Ubiquiti Networks UAP-AC-EDU UniFi AP ac EDU w/Speaker ROW,$399.00,Ohio : 7,Utah : 52
Ubiquiti Networks UAP-AC-HD UniFi AP ac HD ROW,$349.00,Ohio : 0,Utah : 0
Ubiquiti Networks UAP-AC-IW-PRO-5 UniFi AP ac In-Wall Pro ROW 5Pk,$945.00,Ohio : 5,Utah : 0
Ubiquiti Networks UAP-IW UniFi AP In-Wall 2.4GHz 802.11n ROW,$59.00,Ohio : 0,Utah : 53
Ubiquiti Networks UAP-IW-HD UniFi AP In-Wall HD 2.4/5GHz ROW,$179.00,Ohio : 0,Utah : 0
Ubiquiti Networks UF-AE ActiveEthernet Fiber-Ethernet Converter,$27.00,Ohio : 0,Utah : 0
Ubiquiti Networks UF-GP-B+ UFiber Class B+ GPON SFP Module,$79.00,Ohio : 0,Utah : 0
Ubiquiti Networks UF-LOCO-5 UFiber Loco GPON CPE 5pk,$225.00,Ohio : 10,Utah : 3
Ubiquiti Networks UF-SPLITTER-8 UFiber Splitter 1:8,$13.00,Ohio : 0,Utah : 0
Ubiquiti Networks UOC-0.5 UniFi ODN Cable 0.5 Meter,$5.00,Ohio : 0,Utah : 94
Ubiquiti Networks UOC-1 UniFi ODN Cable 1 Meter,$6.00,Ohio : 0,Utah : 98
Ubiquiti Networks UOC-3 UniFi ODN Cable 3 Meter,$8.00,Ohio : 0,Utah : 30
Ubiquiti Networks UOC-5 UniFi ODN Cable 5 Meter,$9.00,Ohio : 0,Utah : 30
Ubiquiti Networks UVC-G3-Flex UniFi Video Camera G3 Flex 1080p IR,$79.00,Ohio : 473,Utah : 938
Ubiquiti Networks UVC-G3-FLEX-3 UniFi Video Camera G3 Flex 1080p IR 3Pk,$229.00,Ohio : 0,Utah : 0
Ubiquiti Networks UVC-G3-PRO UniFi Video Camera G3 1080p Pro,$299.00,Ohio : 0,Utah : 0
Ubiquiti Networks UVC-G4-BULLET UniFi Video Camera G4 Bullet,$199.00,Ohio : 493,"Utah : 1,573"
Ubiquiti Networks ACB-ISP airCube ISP 802.11n 2x2 ROW,$29.00,Ohio : 0,Utah : 0
Ubiquiti Networks INS-8023af-O Instant 802.3af Outdoor Adapter,$19.00,Ohio : 0,Utah : 39
Ubiquiti Networks UAP-AC-PRO-US UniFi AP ac PRO US,$149.00,Ohio : 421,"Utah : 5,592"
Ubiquiti Networks UAP-AC-HD-5-US UniFi AP ac HD US 5Pk,"$1,679.00",Ohio : 0,Utah : 0
Ubiquiti Networks NBE-5AC-GEN2-US 5GHz NanoBeam ac Gen2 19dBi US,$99.00,Ohio : 329,Utah : 293
Ubiquiti Networks NBE-M5-16 5GHz NanoBeam M5 16dBi 2x2 ROW,$67.00,Ohio : 0,Utah : 0
Ubiquiti Networks NBE-M5-16-US 5GHz NanoBeam M5 16dBi 2x2 US,$67.00,Ohio : 0,Utah : 0
Ubiquiti Networks nHD-cover-Camo-3 Camo Skin for UAP-nanoHD 3Pk,$49.00,Ohio : 0,Utah : 17
Ubiquiti Networks nHD-cover-Concrete-3 Concrete Skin for UAP-nanoHD 3Pk,$49.00,Ohio : 1,Utah : 3
Ubiquiti Networks nHD-cover-Fabric-3 Fabric Skin for UAP-nanoHD 3Pk,$49.00,Ohio : 0,Utah : 37
Ubiquiti Networks nHD-cover-Marble-3 Marble Skin for UAP-nanoHD 3Pk,$49.00,Ohio : 0,Utah : 20
Ubiquiti Networks nHD-cover-Wood-3 Wood Skin for UAP-nanoHD 3Pk,$49.00,Ohio : 0,Utah : 0
Ubiquiti Networks NS-5AC 5GHz NanoStation 5AC ROW,$129.00,Ohio : 0,Utah : 0
Ubiquiti Networks NS-5AC-US 5GHz NanoStation 5AC US,$129.00,"Ohio : 1,800",Utah : 845
Ubiquiti Networks NS-WM Nanostation Window/Wall Mount Kit,$19.00,Ohio : 2,Utah : 0
Ubiquiti Networks AF60-HD 60GHz airFiber SFP+ ROW,$359.00,Ohio : 0,Utah : 0
Ubiquiti Networks UACC-DAC-SFP28-0.5M 0.5m UniFi SFP28 Direct Attach Cable,$23.00,Ohio : 0,Utah : 75
Ubiquiti Networks UACC-DAC-SFP28-1M 1m UniFi SFP28 Direct Attach Cable,$25.00,Ohio : 0,Utah : 0
Ubiquiti Networks UACC-DAC-SFP28-3M 3m UniFi SFP28 Direct Attach Cable,$39.00,Ohio : 0,Utah : 0
Ubiquiti Networks UACC-DAC-SFP28-5M 5m UniFi SFP28 Direct Attach Cable,$55.00,Ohio : 0,Utah : 14
Ubiquiti Networks LocoM2-US 2.4GHz NanoStation Loco M2 2x2 US,$49.00,Ohio : 7,Utah : 0
Ubiquiti Networks UVC-G3-Flex-PWM-Black-3 Pro Wall Mount UVC-G3-Flex Blk 3Pk,$35.00,Ohio : 0,Utah : 9
Ubiquiti Networks USW-Flex-Mini-3 UniFi Switch Flex Mini 3Pk,$85.00,Ohio : 33,Utah : 6
Ubiquiti Networks TC-Con-100 TOUGHCable Ethernet Connector 100pc,$52.00,Ohio : 0,Utah : 0
Ubiquiti Networks PBE-M5-300-ISO-US 5GHz PowerBeam M5 ISO 22dBi 300mm US,$95.00,Ohio : 0,Utah : 2
Ubiquiti Networks PBE-M5-300-US 5GHz PowerBeam M5 22dBi 300mm US,$79.00,Ohio : 0,Utah : 13
Ubiquiti Networks PBE-M5-400 5GHz PowerBeam M5 25dBi 400mm ROW,$95.00,Ohio : 0,Utah : 0
Ubiquiti Networks PBE-M5-400-ISO 5GHz PowerBeam M5 ISO 25dBi 400mm ROW,$110.00,Ohio : 0,Utah : 0
Ubiquiti Networks PBE-M5-400-ISO-US 5GHz PowerBeam M5 ISO 25dBi 400mm US,$110.00,Ohio : 0,Utah : 0
Ubiquiti Networks PBE-M5-620 5GHz PowerBeam M5 29dBi 620mm ROW,$199.00,Ohio : 0,Utah : 0
Ubiquiti Networks TC-GND TOUGHCable Grounded Ethernet Conn 1000pc,$750.00,Ohio : 2,Utah : 17
Ubiquiti Networks U6-LR-US UniFi AP 6 Long-Range US,$179.00,Ohio : 387,Utah : 268
Ubiquiti Networks ETH-SP-G2 Ethernet Surge Protector Gen2,$12.50,Ohio : 0,Utah : 0
Ubiquiti Networks POE-48-24W-WH 48V PoE White,$15.00,Ohio : 56,Utah : 97
Ubiquiti Networks PrismAP-5-45 PrismAP-5 45° Isolation Antenna Horn,$79.00,Ohio : 0,Utah : 0
Ubiquiti Networks R2AC-PRISM-US 2GHz Rocket ac Prism US,$209.00,Ohio : 0,Utah : 14
Ubiquiti Networks R5AC-Lite 5GHz Rocket ac Lite 2x2 ROW,$135.00,Ohio : 0,Utah : 0
Ubiquiti Networks RD-3G26 3GHz RocketDish 26dBi 2x2 MIMO,$229.00,Ohio : 0,Utah : 0
Ubiquiti Networks LBE-M5-23-US 5GHz LiteBeam M5 23dBi 1x1 US,$49.00,Ohio : 0,Utah : 0
Ubiquiti Networks RP-5AC-GEN2 5GHz Rocket ac Gen2 Prism ROW,$249.00,Ohio : 0,Utah : 0
Ubiquiti Networks U6-LR UniFi AP 6 Long-Range ROW,$179.00,Ohio : 0,Utah : 0
Ubiquiti Networks U6-Mesh UniFi AP 6 Mesh ROW,$179.00,Ohio : 0,Utah : 0
Ubiquiti Networks U6-Mesh-US UniFi AP 6 Mesh US,$179.00,Ohio : 0,"Utah : 1,440"
Ubiquiti Networks UACC-CM-RJ45-10G 10G SFP+ to 10GbE RJ45 Module,$55.00,Ohio : 272,Utah : 213
Ubiquiti Networks UACC-DAC-SFP10-0.5M 0.5m UniFi SFP+ Direct Attach Cable,$13.00,Ohio : 0,Utah : 0
Ubiquiti Networks UACC-DAC-SFP10-3M 3m UniFi SFP+ Direct Attach Cable,$20.00,Ohio : 0,Utah : 0
Ubiquiti Networks U6-Pro-US UniFi AP 6 Pro US,$159.00,Ohio : 0,Utah : 414
Ubiquiti Networks UA-Card UniFi Access Card,$40.00,Ohio : 38,Utah : 12
Ubiquiti Networks UA-Hub UniFi Access Hub,$199.00,Ohio : 156,Utah : 0
Ubiquiti Networks UACC-OM-SFP28-SR SFP28 Multi-mode Optical Module,$49.00,Ohio : 0,Utah : 91
Ubiquiti Networks UAP-AC-EDU-4 UniFi AP ac EDU w/Speaker ROW 4Pk,"$1,540.00",Ohio : 0,Utah : 9
Ubiquiti Networks UAP-AC-HD-5 UniFi AP ac HD ROW 5Pk,"$1,679.00",Ohio : 0,Utah : 0
Ubiquiti Networks UAP-IW-HD-US UniFi AP In-Wall HD 2.4/5GHz US,$179.00,Ohio : 0,Utah : 0
Ubiquiti Networks UAP-AC-IW-5 UniFi AP ac In-Wall ROW 5Pk,$480.00,Ohio : 0,Utah : 0
Ubiquiti Networks UAP-AC-LITE UniFi AP ac Lite ROW,$89.00,Ohio : 0,Utah : 0
Ubiquiti Networks UAP-AC-LITE-5 UniFi AP ac Lite ROW 5Pk,$399.00,Ohio : 0,Utah : 0
Ubiquiti Networks UAP-AC-LR UniFi AP ac Long Range ROW,$109.00,Ohio : 0,Utah : 0
Ubiquiti Networks UAP-AC-LR-5 UniFi AP ac Long Range ROW 5Pk,$499.00,Ohio : 0,Utah : 0
Ubiquiti Networks UAP-AC-M UniFi AP ac Mesh ROW,$99.00,Ohio : 0,Utah : 0
Ubiquiti Networks UAP-AC-M-5-US UniFi AP ac Mesh US 5Pk,$480.00,Ohio : 0,Utah : 0
Ubiquiti Networks UAP-AC-M-PRO UniFi AP ac Mesh Pro ROW,$199.00,Ohio : 0,Utah : 0
Ubiquiti Networks UAP-AC-M-PRO-5 UniFi AP ac Mesh Pro ROW 5Pk,$975.00,Ohio : 0,Utah : 0
Ubiquiti Networks UAP-LR UniFi AP LR 2.4GHz 802.11n ROW,$89.00,Ohio : 0,Utah : 0
Ubiquiti Networks UAP-LR-3 UniFi AP Long Range 2.4GHz ROW 3pk,$260.00,Ohio : 0,Utah : 0
Ubiquiti Networks UA-Rescue UniFi Access Rescue KeySwitch,$79.00,Ohio : 0,Utah : 94
Ubiquiti Networks UA-SK UniFi Access Starter Kit,$499.00,Ohio : 0,Utah : 0
Ubiquiti Networks UBB UniFi Building-to-Building 60GHz ROW,$499.00,Ohio : 0,Utah : 0
Ubiquiti Networks U-Cable-C6-CMP UniFi Cable Cat6 CMP 23AWG 1000ft,$299.00,Ohio : 8,Utah : 10
Ubiquiti Networks U-Cable-C6-CMR UniFi Cable Cat6 CMR 23AWG 1000ft,$179.00,Ohio : 0,Utah : 2
Ubiquiti Networks UAP-AC-M-PRO-US UniFi AP ac Mesh Pro US,$199.00,Ohio : 44,Utah : 87
Ubiquiti Networks UDIM-AC UniFi Light Dimmer 100-277VAC,$59.00,Ohio : 0,Utah : 0
Ubiquiti Networks UDIM-AC-3 UniFi Light Dimmer 100-277VAC 3Pk,$169.00,Ohio : 0,Utah : 0
Ubiquiti Networks UDIM-AC-3-US UniFi Light Dimmer 100-277VAC 3Pk US,$169.00,Ohio : 0,Utah : 10
Ubiquiti Networks UDIM-AC-US UniFi Light Dimmer 100-277VAC US,$59.00,Ohio : 0,Utah : 0
Ubiquiti Networks UDIM-AT-5-US UniFi Dimmer Switch 802.3af PoE 5Pk US,$215.00,Ohio : 0,Utah : 2
Ubiquiti Networks UDM UniFi Dream Machine 802.11ac ROW,$299.00,Ohio : 0,Utah : 0
Ubiquiti Networks UDM-SE UniFi Dream Machine Special Edition,$499.00,Ohio : 0,Utah : 0
Ubiquiti Networks UF-ADAPTER-APC-50 UFiber Adapter APC Connectors 50pcs,$8.00,Ohio : 0,Utah : 5
Ubiquiti Networks UF-LOCO-20 UFiber Loco GPON CPE 20pk,$899.00,Ohio : 6,Utah : 9
Ubiquiti Networks UF-OLT UFiber GPON Optical Line Terminal 8 port,"$1,799.00",Ohio : 0,Utah : 53
Ubiquiti Networks UFP-Viewport UniFi Protect HDMI Live View Appliance,$199.00,Ohio : 0,Utah : 0
Ubiquiti Networks UF-SPLITTER-16 UFiber Splitter 1:16,$24.00,Ohio : 1,Utah : 0
Ubiquiti Networks UF-SPLITTER-32 UFiber Splitter 1:32,$43.00,Ohio : 0,Utah : 15
Ubiquiti Networks UF-Terminal-Box UFiber Outdoor Terminal Box,$29.00,Ohio : 27,Utah : 51
Ubiquiti Networks UF-WiFi6 UFiber GPON CPE WiFi6 ROW,$99.00,Ohio : 0,Utah : 0
Ubiquiti Networks UISP-R UISP Router,$159.00,Ohio : 0,Utah : 747
Ubiquiti Networks UISP-S UISP Switch,$139.00,Ohio : 0,Utah : 714
Ubiquiti Networks ULED-AC UniFi LED Panel 100-277VAC ROW,$159.00,Ohio : 0,Utah : 0
Ubiquiti Networks ULED-AC-2 UniFi LED Panel 100-277VAC 2Pk ROW,$289.00,Ohio : 0,Utah : 0
Ubiquiti Networks ULED-AC-2-US UniFi LED Panel 100-277VAC 2Pk US,$289.00,Ohio : 0,Utah : 0
Ubiquiti Networks ULED-AC-US UniFi LED Panel 100-277VAC US,$159.00,Ohio : 0,Utah : 0
Ubiquiti Networks ULED-AT-2-US UniFi LED Panel 802.3at PoE+ 2Pk US,$259.00,Ohio : 0,Utah : 0
Ubiquiti Networks UAP-AC-IW-5-US UniFi AP ac In-Wall US 5Pk,$480.00,Ohio : 0,Utah : 0
Ubiquiti Networks UAP-AC-LITE-US UniFi AP ac Lite US,$89.00,Ohio : 0,Utah : 0
Ubiquiti Networks ULED-AT-US UniFi LED Panel 802.3at PoE+ US,$139.00,Ohio : 0,Utah : 0
Ubiquiti Networks UNVR UniFi Protect Network Video Recorder,$299.00,Ohio : 207,Utah : 0
Ubiquiti Networks UNVR-Pro UniFi Protect Network Video Recorder Pro,$499.00,Ohio : 0,Utah : 174
Ubiquiti Networks UP-FloodLight UniFi Protect Flood Light,$99.00,Ohio : 0,Utah : 60
Ubiquiti Networks USP-Strip UniFi SmartPower Strip 6-Ports,$49.00,Ohio : 0,Utah : 0
Ubiquiti Networks USP-Strip-US UniFi SmartPower Strip 6-Ports US,$49.00,Ohio : 0,Utah : 0
Ubiquiti Networks USW-Flex-3 UniFi Switch Flex 3Pk,$280.00,Ohio : 0,Utah : 0
Ubiquiti Networks UVC-G3-F-C UniFi Video Camera G3 Flex Mount,$19.00,Ohio : 0,Utah : 57
Ubiquiti Networks UVC-G3-Flex-PWM-Black Pro Wall Mount UVC-G3-Flex Blk,$12.00,Ohio : 0,Utah : 14
Ubiquiti Networks UVC-G3-Flex-PWM-WT Pro Wall Mount UVC-G3-Flex Wht,$12.00,Ohio : 0,Utah : 1
Ubiquiti Networks UVC-G3-Flex-PWM-WT-3 Pro Wall Mount UVC-G3-Flex Wht 3Pk,$35.00,Ohio : 0,Utah : 2
Ubiquiti Networks UVC-G3-PRO-3 UniFi Video Camera G3 1080p Pro 3Pk,$889.00,Ohio : 0,Utah : 0
Ubiquiti Networks UVC-G4-Bullet-3 UniFi Video Camera G4 Bullet 3Pk,$590.00,Ohio : 19,Utah : 184
Ubiquiti Networks UVC-G4-DB-Cover-Black Black Cover for UVC-G4-DoorBell,$15.00,Ohio : 0,Utah : 64
Ubiquiti Networks UVC-G4-DB-Cover-Brick Brick Cover for UVC-G4-DoorBell,$15.00,Ohio : 0,Utah : 78
Ubiquiti Networks UAP-AC-LR-5-US UniFi AP ac Long Range US 5Pk,$499.00,Ohio : 0,Utah : 0
Ubiquiti Networks UAP-AC-LR-US UniFi AP ac Long Range US,$109.00,Ohio : 0,Utah : 0
Ubiquiti Networks UAP-AC-M-5 UniFi AP ac Mesh ROW 5Pk,$480.00,Ohio : 0,Utah : 0
Ubiquiti Networks UVC-G4-DB-Cover-Concrete Concrete Cover for UVC-G4-DoorBell,$15.00,Ohio : 0,Utah : 79
Ubiquiti Networks UAP-AC-M-PRO-5-US UniFi AP ac Mesh Pro US 5Pk,$975.00,Ohio : 0,Utah : 1
Ubiquiti Networks UAP-AC-M-US UniFi AP ac Mesh US,$99.00,Ohio : 0,Utah : 0
Ubiquiti Networks UAP-AC-PRO-5-US UniFi AP ac Pro US 5Pk,$699.00,Ohio : 0,"Utah : 0
4 next available on 2023-07-18"
Ubiquiti Networks UVC-G4-DB-Cover-Wood Wood Cover for UVC-G4-DoorBell,$15.00,Ohio : 0,Utah : 77
Ubiquiti Networks UVC-G4-Dome UniFi Video Camera G4 4MP Dome,$179.00,Ohio : 964,"Utah : 1,486"
Ubiquiti Networks UVC-G4-Doorbell-PS-US UniFi Protect G4 Doorbell PSU US,$29.00,Ohio : 0,Utah : 25
Ubiquiti Networks UVC-G4-IRExtender IR Range Extender for UniFi G4 Bullet,$79.00,Ohio : 0,Utah : 1
Ubiquiti Networks UVC-G4-PRO UniFi Video Camera G4 4K Pro,$449.00,Ohio : 695,Utah : 731
Ubiquiti Networks UVC-G4-PRO-3 UniFi Video Camera G4 4K Pro 3Pk,"$1,339.00",Ohio : 0,Utah : 0
Ubiquiti Networks UVC-G4-PTZ UniFi Video Camera G4 4K PTZ,"$1,800.00",Ohio : 36,Utah : 42
Ubiquiti Networks UXG-Pro UniFi Next-Gen Gateway Pro,$499.00,Ohio : 0,"Utah : 1,651"
Ubiquiti Networks NSM2-US 2.4GHz NanoStation M2 2x2 US,$89.00,Ohio : 0,Utah : 0
Ubiquiti Networks PBE-5AC-500-US 5GHz PowerBeam ac 27dBi 500mm US,$159.00,Ohio : 0,Utah : 0
Ubiquiti Networks PBE-5AC-GEN2-US 5GHz PowerBeam ac Gen2 25dBi US,$119.00,Ohio : 908,Utah : 962
Ubiquiti Networks UAP-AC-SHD-5-US UniFi AP ac SHD US 5Pk,"$2,649.00",Ohio : 88,Utah : 0
Ubiquiti Networks UAP-BeaconHD-US UniFi AP BeaconHD US,$129.00,Ohio : 21,Utah : 186
Ubiquiti Networks UAP-FlexHD-US UniFi AP FlexHD 802.11ac US,$179.00,Ohio : 822,Utah : 274
Ubiquiti Networks UAP-AC-IW UniFi AP ac In-Wall ROW,$99.00,Ohio : 0,Utah : 0
Ubiquiti Networks U-POE-at 802.3at Supported PoE Injector,$15.00,Ohio : 0,Utah : 29
Ubiquiti Networks UAP-IW-HD-JB-25 InWall Junction Box for UAP-IW-HD 25Pk,$99.00,Ohio : 1,Utah : 1
Ubiquiti Networks PBE-M2-400-US 2.4GHz PowerBeam M2 18dBi 400mm US,$79.00,Ohio : 36,Utah : 64
Ubiquiti Networks POE-24-12W-WH 24V .5A PoE White,$9.00,Ohio : 0,Utah : 34
Ubiquiti Networks UA-Pro-US UniFi Access Reader Pro-US,$299.00,Ohio : 0,Utah : 0
Ubiquiti Networks UAP-XG-US UniFi AP XG US,$799.00,Ohio : 8,Utah : 12
Ubiquiti Networks U-Cable-Patch-1M-RJ45-BL UniFi Cat6 Patch Cable 1m Blue,$2.60,Ohio : 92,Utah : 90
Ubiquiti Networks U-Cable-Patch-3M-RJ45-BL UniFi Cat6 Patch Cable 3m Blue,$4.00,Ohio : 74,Utah : 100
Ubiquiti Networks U-Cable-Patch-RJ45-BK UniFi Cat6 Patch Cable 0.1m Black,$2.00,Ohio : 6,Utah : 33
Ubiquiti Networks U-Cable-Patch-RJ45-BL UniFi Cat6 Patch Cable 0.1m Blue,$2.00,Ohio : 0,Utah : 100
Ubiquiti Networks UAP-AC-HD-US UniFi AP ac HD US,$349.00,Ohio : 0,Utah : 14
Ubiquiti Networks RD-5G30-LW 5GHz RocketDish 30dBi 2x2 Light Weight,$109.00,Ohio : 23,Utah : 0
Ubiquiti Networks U-PRO-MP UniFi Professional Mounting System,$8.50,Ohio : 0,Utah : 0
Ubiquiti Networks UACC-LRE Long-Range Ethernet Repeater,$29.00,Ohio : 7,Utah : 7
Ubiquiti Networks UC-DAC-SFP28 0.5m UniFi SFP28 DAC Patch Cable,$30.00,Ohio : 0,Utah : 20
Ubiquiti Networks UBB-US UniFi Building-to-Building 60GHz US,$499.00,Ohio : 0,Utah : 0
Ubiquiti Networks USW-Pro-48-POE UniFi Switch Pro 48 PoE,"$1,099.00",Ohio : 137,Utah : 964
Ubiquiti Networks UCK-G2-PLUS UniFi Cloud Key Gen2 Plus,$199.00,Ohio : 0,Utah : 0
Ubiquiti Networks AF60-LR-US 60GHz airFiber LR PtP US,$399.00,Ohio : 71,Utah : 28
Ubiquiti Networks UDC-2 UniFi Direct Attach Copper 10Gbps 2m,$25.00,Ohio : 0,Utah : 0
Ubiquiti Networks UDC-3 UniFi Direct Attach Copper 10Gbps 3m,$30.00,Ohio : 1,Utah : 34
Ubiquiti Networks UDIM-AT UniFi Dimmer Switch 802.3af PoE,$49.00,Ohio : 0,Utah : 7
Ubiquiti Networks UDIM-AT-5 UniFi Dimmer Switch 802.3af PoE 5Pk ROW,$215.00,Ohio : 0,Utah : 4
Ubiquiti Networks UDM-Pro UniFi Dream Machine Pro 10Gbps 8-Port,$379.00,Ohio : 982,Utah : 681
Ubiquiti Networks UDM-US UniFi Dream Machine 802.11ac US,$299.00,Ohio : 0,Utah : 0
Ubiquiti Networks UF-GP-C+ UFiber Class C+ GPON SFP Module,$86.00,Ohio : 63,Utah : 1
Ubiquiti Networks UF-LOCO UFiber Loco GPON CPE,$49.00,Ohio : 0,Utah : 0
Ubiquiti Networks UF-MM-10G UFiber Multi-Mode SFP+ 2Pk,$38.00,Ohio : 0,Utah : 0
Ubiquiti Networks AF-5G30-S45 5GHz airFiberX Dish 30dBi Slant 45,$125.00,Ohio : 0,Utah : 0
Ubiquiti Networks UF-NANO UFiber Nano G GPON CPE,$69.00,"Ohio : 2,772","Utah : 1,679"
Ubiquiti Networks UF-OLT-4 UFiber GPON Optical Line Terminal 4 port,"$1,189.00",Ohio : 0,Utah : 73
Ubiquiti Networks AF-24-US 24GHz airFiber PtP 1.4Gbps+ Radio US,"$1,497.50",Ohio : 2,Utah : 63
Ubiquiti Networks UAP-NanoHD-US UniFi AP ac NanoHD US,$179.00,"Ohio : 0
100 next available on 2023-07-18",Utah : 0
Ubiquiti Networks UF-WiFi6-US UFiber GPON CPE WiFi6 US,$99.00,Ohio : 123,Utah : 288
Ubiquiti Networks UF-SM-10G-S UFiber Single-Mode SFP+ BiDi 1 Pair,$160.00,Ohio : 0,Utah : 0
Ubiquiti Networks NSM5-US 5GHz NanoStation M5 2x2 US,$89.00,Ohio : 0,Utah : 0
Ubiquiti Networks UF-SM-1G-S UFiber Single-Mode SFP BiDi 1 Pair,$22.00,Ohio : 0,Utah : 0
Ubiquiti Networks UF-SM-1G-S-20 UFiber Single-Mode SFP BiDi 10 Pair,$190.00,Ohio : 0,Utah : 0
Ubiquiti Networks UF-WiFi-US UFiber GPON CPE WiFi US,$69.00,Ohio : 20,"Utah : 2,011"
Ubiquiti Networks AF11-Complete-HB AF11 Complete High-Band Kit,"$1,499.00",Ohio : 0,Utah : 0
Ubiquiti Networks ULED-AT UniFi LED Panel 802.3at PoE+ ROW,$139.00,Ohio : 0,Utah : 0
Ubiquiti Networks U-LTE-US UniFi LTE 802.3at US,$199.00,Ohio : 0,Utah : 0
Ubiquiti Networks UMA-D UniFi Dual-Band Directional Antenna,$99.00,Ohio : 0,Utah : 0
Ubiquiti Networks U-POE-AF 802.3af Supported PoE Injector,$8.00,Ohio : 0,Utah : 246
Ubiquiti Networks US-16-150W Unifi Switch 16 150W,$299.00,Ohio : 0,Utah : 0
Ubiquiti Networks US-16-XG UniFi Switch 16 XG,$599.00,Ohio : 0,Utah : 0
Ubiquiti Networks US-24 UniFi Switch 24,$215.00,Ohio : 0,Utah : 0
Ubiquiti Networks AM-5G20-90 5GHz airMAX 90° Sector 20dBi,$139.00,Ohio : 22,Utah : 13
Ubiquiti Networks US-24-250W UniFi Switch 24 250W,$399.00,Ohio : 0,Utah : 0
Ubiquiti Networks US-48 UniFi Switch 48,$415.00,Ohio : 0,Utah : 0
Ubiquiti Networks US-48-500W UniFi Switch 48 500W,$835.00,Ohio : 0,Utah : 0
Ubiquiti Networks US-8 UniFi Switch 8,$99.00,Ohio : 0,Utah : 0
Ubiquiti Networks US-8-150W UniFi Switch 8 150W,$199.00,Ohio : 0,Utah : 0
Ubiquiti Networks US-8-5 UniFi Switch 8 5Pk,$480.00,Ohio : 0,Utah : 0
Ubiquiti Networks US-8-60W UniFi Switch 8 60W,$109.00,Ohio : 0,Utah : 0
Ubiquiti Networks US-8-60W-5 UniFi Switch 8 60W 5Pk,$540.00,Ohio : 0,Utah : 0
Ubiquiti Networks LTU-Pro-US 5GHz LTU Pro Subscriber Station US,$179.00,Ohio : 765,Utah : 892
Ubiquiti Networks UAP-AC-LITE-5-US UniFi AP ac Lite US 5Pk,$399.00,Ohio : 0,Utah : 0
Ubiquiti Networks USW-Pro-Aggregation UniFi Switch Pro Aggregation,$899.00,Ohio : 5,Utah : 39
Ubiquiti Networks USW-Enterprise-8-PoE UniFi Switch Enterprise 8 PoE,$479.00,Ohio : 0,Utah : 96
Ubiquiti Networks LocoM5 5GHz NanoStation Loco M5 2x2 ROW,$67.00,Ohio : 0,Utah : 0
Ubiquiti Networks LocoM2 2.4GHz NanoStation Loco M2 2x2 ROW,$49.00,Ohio : 0,Utah : 0
Ubiquiti Networks Loco5AC-US 5GHz NanoStation 5AC Loco US,$49.00,Ohio : 455,"Utah : 2,062"
Ubiquiti Networks Loco5AC 5GHz NanoStation 5AC Loco ROW,$49.00,Ohio : 0,Utah : 0
Ubiquiti Networks LBE-5AC-LR-US 5GHz LiteBeam ac Long-Range 26dBi US,$109.00,Ohio : 102,Utah : 0
Ubiquiti Networks LBE-5AC-GEN2-US 5GHz LiteBeam ac Gen2 23dBi US,$65.00,Ohio : 25,Utah : 15
Ubiquiti Networks LAP-GPS-US 5GHz LiteAP GPS 17dBi US,$99.00,Ohio : 119,Utah : 494
Ubiquiti Networks LAP-120-US 5GHz LiteAP ac 16dBi US,$89.00,Ohio : 12,Utah : 8
Ubiquiti Networks IW-HD-WD-3 Wood Design UAP-IW-HD Case 3Pk,$38.00,Ohio : 0,Utah : 15
Ubiquiti Networks IW-HD-MB-3 Marble Design UAP-IW-HD Case 3Pk,$38.00,Ohio : 0,Utah : 9
Ubiquiti Networks IW-HD-CF-3 Camo Design UAP-IW-HD Case 3Pk,$38.00,Ohio : 0,Utah : 31
Ubiquiti Networks IW-HD-BK-3 Black Design UAP-IW-HD Case 3Pk,$38.00,Ohio : 1,Utah : 4
Ubiquiti Networks USW-Enterprise-24-PoE UniFi Switch Enterprise 24 PoE,$799.00,Ohio : 284,Utah : 200
Ubiquiti Networks ISO-BEAM-16 Isolator Shield for NanoBeam,$10.00,Ohio : 2,Utah : 5
Ubiquiti Networks IS-5AC-US 5GHz IsoStation ac CPE 14dBi US,$129.00,Ohio : 1,Utah : 75
Ubiquiti Networks IP67CA-RPSMA Ubiquiti Airmax Cable - RP-SMA,$12.00,Ohio : 0,Utah : 14
Ubiquiti Networks INS-3AF-USB Instant 802.3af Adapter to USB,$19.00,Ohio : 0,Utah : 170
Ubiquiti Networks Horn-5-60 Horn 5GHz 60° Isolation Horn Antenna,$79.00,Ohio : 0,Utah : 1
Ubiquiti Networks GBE-US 60/5GHz airMAX ac GigaBeam 1+Gbps US,$129.00,Ohio : 0,Utah : 0
Ubiquiti Networks UISP-Cable-Pro UISP Cable Pro Outdoor Cat5e 1000ft,$135.00,Ohio : 0,Utah : 0
Ubiquiti Networks FC-SM-300 Fiber Cable Assembly Single Mode 300Ft,$119.00,Ohio : 0,Utah : 4
Ubiquiti Networks FC-SM-200 Fiber Cable Assembly Single Mode 200Ft,$89.00,Ohio : 6,Utah : 0
Ubiquiti Networks UF-SPLITTER-4 UFiber Splitter 1:4,$10.00,Ohio : 8,Utah : 12
Ubiquiti Networks ES-8-150W EdgeSwitch 8-Port Gigabit 150W,$199.00,Ohio : 311,Utah : 243
Ubiquiti Networks ES-5XP EdgeSwitch 5-Port Gigabit 24V PoE,$105.00,Ohio : 0,Utah : 0
Ubiquiti Networks ES-48-Lite EdgeSwitch Lite 48-Port Gigabit SFP+,$460.00,Ohio : 0,Utah : 0
Ubiquiti Networks ES-48-750W EdgeSwitch 48-Port Gigabit 750W,"$1,099.00",Ohio : 0,Utah : 0
Ubiquiti Networks ES-48-500W EdgeSwitch 48-Port Gigabit 500W,$899.00,Ohio : 1,Utah : 467
Ubiquiti Networks ES-24-Lite EdgeSwitch Lite 24-Port Gigabit SFP,$240.00,Ohio : 0,Utah : 0
Ubiquiti Networks ES-24-500W EdgeSwitch 24-Port Gigabit 500W,$595.00,Ohio : 0,Utah : 0
Ubiquiti Networks ES-24-250W EdgeSwitch 24-Port Gigabit 250W,$399.00,"Ohio : 0
Next shipment on 2023-07-18","Utah : 0
Next shipment on 2023-07-18"
Ubiquiti Networks ES-16XP EdgeSwitch 16-Port Gigabit 24/48V PoE,$465.00,Ohio : 0,Utah : 0
Ubiquiti Networks ES-16-XG EdgeSwitch 16-Port 10 Gigabit,$669.00,Ohio : 0,Utah : 0
Ubiquiti Networks ES-16-150W EdgeSwitch 16-Port Gigabit 150W,$329.00,Ohio : 0,Utah : 0
Ubiquiti Networks ES-12F EdgeSwitch 12-Port Gigabit Fiber,$244.00,Ohio : 0,Utah : 0
Ubiquiti Networks ES-10XP EdgeSwitch 10-Port Gigabit 24V PoE,$129.00,Ohio : 0,Utah : 0
Ubiquiti Networks ES-10X EdgeSwitch 10-Port Gigabit,$115.00,Ohio : 0,Utah : 0
Ubiquiti Networks ER-X-SFP EdgeRouter X 5-Port Gigabit PoE SFP,$99.00,Ohio : 169,"Utah : 1,156"
Ubiquiti Networks ER-X EdgeRouter X 5-Port Gigabit PoE,$59.00,Ohio : 611,"Utah : 4,550"
Ubiquiti Networks ER-RMKIT EdgeMAX Universal Rack Mount Kit,$15.00,Ohio : 0,Utah : 0
Ubiquiti Networks ERpoe-5 EdgeRouter PoE - 5 Gig with 24/48V PoE,$175.00,Ohio : 0,Utah : 0
Ubiquiti Networks ER-8-XG EdgeRouter Infinity 8-Port 10G SFP+,"$1,849.00",Ohio : 0,Utah : 0
Ubiquiti Networks ER-8 EdgeRouter 8-Port Gigabit,$329.00,Ohio : 0,Utah : 0
Ubiquiti Networks ER-6P EdgeRouter 6-Port Gigabit PoE,$259.00,Ohio : 56,Utah : 93
Ubiquiti Networks ER-4 EdgeRouter 4-Port Gigabit,$199.00,"Ohio : 0
Next shipment on 2023-07-18","Utah : 0
Next shipment on 2023-07-18"
Ubiquiti Networks ER-12 EdgeRouter 12-Port Gigabit,$249.00,Ohio : 21,Utah : 30
Ubiquiti Networks ER-10X EdgeRouter X 10-Port Gigabit PoE,$109.00,Ohio : 0,Utah : 0
"Ubiquiti Networks EP-S16 EdgePoint Switch 16 24/54V, af/at PoE",$529.00,Ohio : 0,Utah : 0
Ubiquiti Networks EP-R8 EdgePoint Router 8 24/54V PoE,$509.00,Ohio : 0,Utah : 0
Ubiquiti Networks EP-R6 EdgePoint Router 6 24V PoE,$140.00,Ohio : 0,Utah : 0
Ubiquiti Networks EP-54V-150W-DC Secondary DC/DC PSU EP-54V-150W,$79.00,Ohio : 0,Utah : 4
Ubiquiti Networks EP-54V-150W-AC Secondary AC/DC PSU EP-54V-150W,$79.00,Ohio : 1,Utah : 0
Ubiquiti Networks EP-54V-150W EdgePoint DC Power Supply,$195.00,Ohio : 14,Utah : 15
Ubiquiti Networks EP-24V-72W EdgePower 24V-72W,$159.00,Ohio : 7,Utah : 2
Ubiquiti Networks CKG2-RM G2 Cloud Key Rack Mount,$99.00,Ohio : 13,Utah : 27
Ubiquiti Networks BulletAC-IP67-US 2.4/5GHz Bullet Dual-Band AC IP67 US,$129.00,Ohio : 35,Utah : 76
Ubiquiti Networks B-DB-AC-US 2.4/5GHz Bullet Dual-Band AC US,$99.00,Ohio : 363,Utah : 0
Ubiquiti Networks AMY-9M16x2 900MHz airMAX Yagi 16dBi 2Pk,$209.00,Ohio : 5,Utah : 0
Ubiquiti Networks AM-V2G-Ti 2.4GHz airMAX 60-120° Sector 15-17dBi Ti,$269.00,Ohio : 0,Utah : 9
Ubiquiti Networks U-Cable-Patch-RJ45-50 UniFi Cat6 Patch Cable 0.1m White 50pk,$92.00,Ohio : 0,Utah : 0
Ubiquiti Networks POE-54-80W 54V PoE 1.5A w/US Power Cord,$29.00,Ohio : 31,Utah : 59
Ubiquiti Networks U-Cable-Patch-RJ45 UniFi Cat6 Patch Cable 0.1m White,$2.00,Ohio : 159,Utah : 93
Ubiquiti Networks UC-DAC-SFP+ 0.5m UniFi SFP+ DAC Patch Cable,$16.00,Ohio : 0,Utah : 0
Ubiquiti Networks UB-AM Universal Antenna Mount,$7.00,Ohio : 0,Utah : 154
Ubiquiti Networks Horn-5-90 Horn 5GHz 90° Isolation Horn Antenna,$79.00,Ohio : 0,Utah : 0
Ubiquiti Networks F-POE-G2 FiberPoE G2 - for Outdoor PoE Devices,$29.00,Ohio : 81,Utah : 0
Ubiquiti Networks AM-5G17-90 5GHz airMAX 90° Sector 17dBi,$79.00,Ohio : 3,Utah : 1
Ubiquiti Networks AM-9M13-120 900MHz airMAX 120° Sector 13dBi,$269.00,Ohio : 0,Utah : 6
Ubiquiti Networks AM-5AC22-45 5GHz airMAX ac 45° Sector 22dBi,$199.00,Ohio : 21,Utah : 15
Ubiquiti Networks UF-SM-10G UFiber Single-Mode SFP+ 2 Pack,$85.00,Ohio : 0,Utah : 0
Ubiquiti Networks UAP-AC-IW-US UniFi AP ac In-Wall US,$99.00,Ohio : 0,Utah : 0
Ubiquiti Networks AM-5AC21-60 5GHz airMAX ac 60° Sector 21dBi,$199.00,Ohio : 0,Utah : 0
Ubiquiti Networks AM-2G16-90 2.4GHz airMAX 90° Sector 16dBi,$139.00,Ohio : 0,Utah : 0
Ubiquiti Networks AF-MPX4 airFiber 4x4 MIMO Multiplexor for AF-5X,$89.00,Ohio : 0,Utah : 2
Ubiquiti Networks UF-SM-10G-S-20 UFiber Single-Mode SFP+ BiDi 10 Pair,"$1,450.00",Ohio : 0,Utah : 0
Ubiquiti Networks UF-SM-10G-20 UFiber Single-Mode SFP+ 20 Pack,$750.00,Ohio : 0,Utah : 0
Ubiquiti Networks UACC-DAC-SFP10-1M 1m UniFi SFP+ Direct Attach Cable,$15.00,Ohio : 173,Utah : 0
Ubiquiti Networks UACC-CM-RJ45-1G 1G SFP to 1GbE RJ45 Module,$19.50,Ohio : 274,Utah : 299
Ubiquiti Networks SM-SW-40 SunMAX Solar Switch,$199.00,Ohio : 0,Utah : 0
Ubiquiti Networks AF60-US 60/5GHz airFiber 1Gbps+ US,$299.00,Ohio : 0,Utah : 130
Ubiquiti Networks AF-5U-US 5.7-5.85GHz airFiber PtP 500Mbps+ US,$999.00,Ohio : 4,Utah : 2
Ubiquiti Networks AF-5G23-S45 5GHz airFiberX Dish 23dBi Slant 45,$99.00,Ohio : 0,Utah : 0
Ubiquiti Networks AF-5 5.4-5.9GHz airFiber PtP 500Mbps+ ROW,$999.00,Ohio : 0,Utah : 0
Ubiquiti Networks AF-4X-US 4.9GHz airFiberX PtP 500Mbps+ US,$399.00,Ohio : 0,Utah : 0
Ubiquiti Networks AF-2X-US 2.4GHz airFiberX PtP 500Mbps+ Radio US,$499.00,Ohio : 1,Utah : 1
Ubiquiti Networks RM2-US 2.4GHz Rocket M2 2x2 US,$89.00,Ohio : 0,Utah : 10
Ubiquiti Networks RAD-RD3 RocketDish Radome 3ft,$129.00,Ohio : 1,Utah : 0
Ubiquiti Networks Quick-Mount Tool-less Quick Mount for UBNT CPEs,$19.00,Ohio : 0,Utah : 0
Ubiquiti Networks POE-48-24W-G 48V PoE 0.5A Gigabit w/US Power Cord,$16.00,Ohio : 2,Utah : 0
Ubiquiti Networks POE-24-24W-5P 24V PoE 1A Gigabit White 5Pk,$49.00,Ohio : 0,Utah : 0
Ubiquiti Networks POE-24-12W-G 24V PoE 0.5A Gigabit w/US Power Cord,$15.00,Ohio : 0,Utah : 0
Ubiquiti Networks POE-24-12W-5P 24V PoE .5A White 5Pk,$39.00,Ohio : 0,Utah : 0
Ubiquiti Networks AF-24HD-US 24GHz airFiber PtP 2Gbps Radio US,"$3,000.00",Ohio : 10,Utah : 16
Ubiquiti Networks LTU-Lite-US 5GHz LTU Lite CPE US,$99.00,Ohio : 89,Utah : 122
Ubiquiti Networks PBE-2AC-400-US 2.4GHz PowerBeam ac 18dBi 400mm US,$119.00,Ohio : 15,Utah : 228
Ubiquiti Networks N-SW NanoSwitch Gigabit 4-Port 24V PoE,$40.00,Ohio : 0,Utah : 0
Ubiquiti Networks LocoM5-US 5GHz NanoStation Loco M5 2x2 US,$67.00,Ohio : 0,Utah : 0
Ubiquiti Networks LTU-Rocket-US 5GHz LTU Rocket US,$399.00,Ohio : 32,Utah : 0
Ubiquiti Networks LTU-LR-US 5GHz LTU Client Radio Long-Range US,$129.00,Ohio : 0,Utah : 0
Ubiquiti Networks INS-3AF-O-G Instant 802.3af Adapter Outdoor Gigabit,$21.00,Ohio : 0,Utah : 0
Ubiquiti Networks GBE-Plus-US 60GHz airMAX GigaBeam Plus 1.5+Gbps US,$179.00,Ohio : 7,Utah : 26
Ubiquiti Networks AMO-2G10 2.4GHz airMAX Omni 10dBi 2x2,$175.00,Ohio : 10,Utah : 13
Ubiquiti Networks AM-5G16-120 5GHz airMAX 120° Sector 16dBi,$79.00,Ohio : 0,Utah : 25
Ubiquiti Networks AM-2G15-120 2.4GHz airMAX 120° Sector 15dBi,$139.00,Ohio : 5,Utah : 0
Ubiquiti Networks AF-5XHD-US 5GHz airFiberX PtP 1Gbps Radio US,$429.00,Ohio : 0,Utah : 0
Ubiquiti Networks AF-5G34-S45 5GHz airFiberX Dish 34dBi Slant 45,$339.00,Ohio : 0,Utah : 1
Ubiquiti Networks AF-11 airFiber 11GHz 1.2Gbps+ Full Duplex,$999.00,Ohio : 0,Utah : 0
Ubiquiti Networks 60G-PM 60G Precision Alignment Mount,$79.00,Ohio : 0,Utah : 0
Ubiquiti Networks UVC-G3-F-C-3 UniFi Video Camera G3 Flex Mount 3PK,$50.00,Ohio : 0,Utah : 5
Ubiquiti Networks USW-Flex-XG UniFi Switch Flex XG,$299.00,Ohio : 39,Utah : 6
Ubiquiti Networks USW-Aggregation UniFi Switch Aggregation,$269.00,Ohio : 0,Utah : 0
Ubiquiti Networks USP-Plug-US UniFi Smart Power Plug US,$19.00,Ohio : 0,Utah : 0
Ubiquiti Networks AM-5G19-120 5GHz airMAX 120° Sector 19dBi,$139.00,Ohio : 7,Utah : 2
Ubiquiti Networks UOC-2 UniFi ODN Cable 2 Meter,$7.00,Ohio : 0,Utah : 50
Ubiquiti Networks UF-MM-1G-20 UFiber Multi-Mode SFP 20Pk,$150.00,Ohio : 0,Utah : 0
Ubiquiti Networks UF-MM-1G UFiber Multi-Mode SFP 2Pk,$17.00,Ohio : 0,Utah : 0
Ubiquiti Networks UDC-1 UniFi Direct Attach Copper 10Gbps 1m,$20.00,Ohio : 0,Utah : 17
Ubiquiti Networks UISP-Cable-Carrier UISP Cable Carrier Outdoor Cat5e 1000ft,$180.00,Ohio : 1,Utah : 0
Ubiquiti Networks AF11-Complete-LB AF11 Complete Low-Band Kit,"$1,499.00",Ohio : 0,Utah : 0
Ubiquiti Networks UAP-AC-SHD-US UniFi AP ac SHD US,$549.00,Ohio : 14,Utah : 15
Ubiquiti Networks U6-Lite-US UniFi AP 6 Lite US,$99.00,Ohio : 0,Utah : 0
Ubiquiti Networks RM2 2.4GHz Rocket M2 2x2 ROW,$89.00,Ohio : 0,Utah : 0
Ubiquiti Networks RD-5G30 5GHz RocketDish 30dBi 2x2,$149.00,Ohio : 1,Utah : 14
Ubiquiti Networks R5AC-Lite-US 5GHz Rocket ac Lite 2x2 US,$135.00,Ohio : 0,Utah : 0
Ubiquiti Networks POE-50-60W 50V PoE 1.2A Gigabit w/US Power Cord,$29.00,Ohio : 0,Utah : 0
Ubiquiti Networks UWB-XG-US Beam Forming BaseStation 1500 Client US,"$1,499.00","Ohio : 0
Next shipment on 2023-07-18","Utah : 0
Next shipment on 2023-07-18"
Ubiquiti Networks POE-24-30W 24V PoE 1A w/US Power Cord,$16.00,Ohio : 50,Utah : 38
Ubiquiti Networks UVC-G4-DoorBell-US UniFi Protect G4 DoorBell 2MP 30 FPS,$199.00,Ohio : 0,Utah : 0
Ubiquiti Networks US-XG-6POE UniFi Switch 6 XG PoE,$599.00,Ohio : 40,Utah : 135
Ubiquiti Networks POE-24-24W-G-WH 24V PoE 1A Gigabit White,$15.00,Ohio : 87,Utah : 100
Ubiquiti Networks USW-Pro-48 UniFi Switch Pro 48,$599.00,Ohio : 197,Utah : 489
Ubiquiti Networks POE-24-7W-G-WH 24V PoE .3A Gigabit,$6.00,Ohio : 0,Utah : 0
Ubiquiti Networks PAK-620 Precision Alignment Kit for 620mm Dish,$35.00,Ohio : 0,Utah : 9
Ubiquiti Networks USW-Pro-24-POE UniFi Switch Pro 24 PoE,$699.00,Ohio : 833,"Utah : 1,630"
Ubiquiti Networks USW-Pro-24 UniFi Switch Pro 24,$399.00,Ohio : 150,Utah : 447
Ubiquiti Networks USW-Lite-8-POE UniFi Switch Lite 8 PoE,$109.00,Ohio : 278,"Utah : 1,355"
Ubiquiti Networks USW-Lite-16-POE UniFi Switch Lite 16 PoE,$199.00,Ohio : 0,Utah : 0
Ubiquiti Networks USW-Industrial UniFi Switch Industrial,$499.00,Ohio : 0,Utah : 0
Ubiquiti Networks nHD-cover-Black-3 Matte Black Skin for UAP-nanoHD 3Pk,$49.00,Ohio : 0,Utah : 0
Ubiquiti Networks ISO-BEAM-620 Isolator Radome for 620mm Dish Reflector,$79.00,Ohio : 0,Utah : 4
Ubiquiti Networks INS-3AF-I-G Instant 802.3af Adapter Indoor Gigabit,$20.00,Ohio : 33,Utah : 140
Ubiquiti Networks GBE-LR-US 60/5GHz airMAX ac GigaBeam LongRange US,$199.00,Ohio : 0,Utah : 48
Ubiquiti Networks USW-Flex-Utility Flex Switch Adapter Kit for Light Poles,$49.00,Ohio : 0,Utah : 0
Ubiquiti Networks FlexHD-CM-3 Ceiling Mount for UniFi FlexHD,$49.00,Ohio : 4,Utah : 10
Ubiquiti Networks USW-Flex-Mini-5 UniFi Switch Flex Mini 5Pk,$140.00,Ohio : 0,Utah : 0
Ubiquiti Networks USW-Flex-Mini UniFi Switch Flex Mini,$29.00,Ohio : 862,Utah : 538
Ubiquiti Networks USW-Flex UniFi Switch Flex,$99.00,Ohio : 330,Utah : 995
Ubiquiti Networks USW-EnterpriseXG-24 UniFi Switch EnterpriseXG 24,"$1,299.00",Ohio : 63,Utah : 240
Ubiquiti Networks FC-SM-100 Fiber Cable Assembly Single Mode 100Ft,$59.00,Ohio : 0,Utah : 0
Ubiquiti Networks USW-Enterprise-48-PoE UniFi Switch Enterprise 48 PoE,"$1,599.00",Ohio : 0,Utah : 0
Ubiquiti Networks AP-5AC-90-HD 5GHz airMAX ac 3x30° Sector 22dBi,$499.00,Ohio : 10,Utah : 10
Ubiquiti Networks AMO-5G13 5GHz airMAX Omni 13dBi 2x2,$165.00,Ohio : 11,Utah : 29
Ubiquiti Networks USW-48-POE UniFi Switch 48 PoE,$589.00,Ohio : 304,Utah : 61
Ubiquiti Networks USW-48 UniFi Switch 48,$399.00,Ohio : 177,Utah : 364
Ubiquiti Networks USW-24-POE UniFi Switch 24 PoE,$379.00,Ohio : 0,Utah : 50
Ubiquiti Networks USW-24 UniFi Switch 24,$225.00,Ohio : 75,Utah : 127
Ubiquiti Networks USW-16-POE UniFi Switch 16 PoE,$299.00,Ohio : 589,"Utah : 2,669"
Ubiquiti Networks USP-RPS UniFi Redundant Power System,$399.00,Ohio : 0,Utah : 0
Ubiquiti Networks AMO-5G10 5GHz airMAX Omni 10dBi 2x2,$125.00,Ohio : 19,Utah : 15
Ubiquiti Networks USG-PRO-4 UniFi Security Gateway Pro 4xRJ45 2xSFP,$344.00,Ohio : 0,Utah : 0
Ubiquiti Networks USG UniFi Security Gateway 3xRJ45 Gigabit,$139.00,Ohio : 0,Utah : 0
Ubiquiti Networks ACB-ISP-US airCube ISP 802.11n 2x2 US,$29.00,Ohio : 2,Utah : 94
Ubiquiti Networks POE-24-12W-G-WH 24V PoE .5A Gigabit White,$15.00,Ohio : 0,Utah : 0
Ubiquiti Networks UACC-OM-SM-10G-S-2 Optical Module Single-Mode 10Gbps 2Pk,$160.00,Ohio : 9,Utah : 0
Ubiquiti Networks UACC-OM-SM-1G-S-2 Optical Module Single-Mode 1Gbps 2Pk,$22.00,Ohio : 74,Utah : 127
Ubiquiti Networks UAP-AC-EDU-US UniFi AP ac EDU w/Speaker US,$399.00,Ohio : 1,Utah : 0
Ubiquiti Networks AF60-XG-US 60GHz airFiber PtP 6Gbps US,$999.00,Ohio : 3,Utah : 228
Ubiquiti Networks AF60-XG 60GHz airFiber PtP 6Gbps ROW,$999.00,Ohio : 0,Utah : 0
Ubiquiti Networks LTU-XR 5GHz LTU XR CPE ROW,$199.00,Ohio : 0,Utah : 0
Ubiquiti Networks UACC-AOC-SFP10-20M 20m UniFi SFP1 LR Direct Attach Cable,$55.00,Ohio : 38,Utah : 21
Ubiquiti Networks UACC-AOC-SFP10-5M 5m UniFi SFP10 LR Direct Attach Cable,$39.00,Ohio : 33,Utah : 56
Ubiquiti Networks UACC-AOC-SFP28-10M 10m UniFi SFP28 LR Direct Attach Cable,$85.00,Ohio : 45,Utah : 40
Ubiquiti Networks UACC-AOC-SFP10-30M 30m UniFi SFP10 LR Direct Attach Cable,$65.00,Ohio : 23,Utah : 26
Ubiquiti Networks UACC-AOC-SFP28-20M 20m UniFi SFP28 LR Direct Attach Cable,$95.00,Ohio : 40,Utah : 40
Ubiquiti Networks UACC-AOC-SFP28-30M 30m UniFi SFP28 LR Direct Attach Cable,$105.00,Ohio : 30,Utah : 30
Ubiquiti Networks UACC-CM-RJ45-MG 10G SFP+ to 10/5/2.5GbE RJ45 Module,$65.00,Ohio : 0,Utah : 69
Ubiquiti Networks UACC-LITE-AP-AM Lite Arm Mount U6-Lite/UAP-nanoHD/AC-Lit,$20.00,Ohio : 0,Utah : 133
Ubiquiti Networks UACC-G4-Dome-Arm-Mount UniFi Video Camera G4 Dome Arm Mount,$19.00,Ohio : 0,Utah : 0
Ubiquiti Networks UACC-OM-MM-10G-D-2 Optical Module Multi-Mode 10Gbps 2Pk,$38.00,Ohio : 27,Utah : 16
Ubiquiti Networks UACC-OM-MM-1G-D-2 Optical Module Multi-Mode 1Gbps 2Pk,$17.00,Ohio : 24,Utah : 0
Ubiquiti Networks UACC-OM-MM-10G-D-20 Optical Module Multi-Mode 10Gbps 20Pk,$360.00,Ohio : 1,Utah : 0
Ubiquiti Networks UACC-OM-SM-10G-D-2 Optical Module Single-Mode 10Gbps 2Pk,$85.00,Ohio : 0,Utah : 15
Ubiquiti Networks UISP-Dish UISP Dish 5.15-6.875GHz Dish,$229.00,Ohio : 0,Utah : 6
Ubiquiti Networks UISP-Horn UISP Horn 5.15-6.875GHz Antenna,$249.00,Ohio : 0,Utah : 13
Ubiquiti Networks UVC-G4-Doorbell-Pro-US UniFi Protect G4 Doorbell Pro US,$299.00,Ohio : 0,Utah : 0
Ubiquiti Networks UVC-G4-INS-US UniFi Video Camera G4 Instant US,$99.00,Ohio : 436,"Utah : 1,099"
Ubiquiti Networks LBE-5AC-XR-US 5GHz LiteBeam ac XR 29dBi US,$179.00,Ohio : 0,Utah : 947
Ubiquiti Networks LTU-INSTANT-5 5GHz LTU Instant 5Pk,$479.00,Ohio : 0,Utah : 0
Ubiquiti Networks LTU-INSTANT-5-US 5GHz LTU Instant 5Pk US,$479.00,Ohio : 0,Utah : 89
Ubiquiti Networks LTU-XR-US 5GHz LTU XR CPE US,$199.00,Ohio : 0,Utah : 771
Ubiquiti Networks U6-ENTERPRISE-US UniFi AP 6 Enterprise US,$279.00,Ohio : 0,Utah : 0
Ubiquiti Networks U6-ENTERPRISE UniFi AP 6 Enterprise ROW,$279.00,Ohio : 0,Utah : 0
Ubiquiti Networks U6-Extender-US UniFi AP 6 Extender US,$149.00,Ohio : 12,Utah : 49
Ubiquiti Networks U6-Extender UniFi AP 6 Extender ROW,$149.00,Ohio : 208,Utah : 0
Ubiquiti Networks U6-IW-US UniFi AP 6 In-Wall US,$179.00,Ohio : 0,Utah : 0
Ubiquiti Networks UACC-AOC-SFP10-10M 10m UniFi SFP10 LR Direct Attach Cable,$45.00,Ohio : 24,Utah : 40
Ubiquiti Networks UACC-AOC-SFP28-5M 5m UniFi SFP28 LR Direct Attach Cable,$75.00,Ohio : 64,Utah : 70
Ubiquiti Networks UACC-PRO-AP-AM Pro Arm Mount for U6-Pro or UAP-AC-Pro,$25.00,Ohio : 0,Utah : 41
Ubiquiti Networks UACC-OM-SM-10G-S-20 Optical Module Single-Mode 10Gbps 20Pk,"$1,450.00",Ohio : 3,Utah : 3
Ubiquiti Networks UACC-OM-SM-1G-S-20 Optical Module Single-Mode 1Gbps 20Pk,$190.00,Ohio : 16,Utah : 21
Ubiquiti Networks UDR-US UniFi Dream Router US,$199.00,Ohio : 0,Utah : 0
Ubiquiti Networks UP-CHIME-US UniFi Smart Chime US,$59.00,Ohio : 0,Utah : 36
Ubiquiti Networks UP-Sense UniFi Smart Sensor,$59.00,Ohio : 0,Utah : 0
Ubiquiti Networks USP-PDU-Pro UniFi Power Distribution Professional,$279.00,Ohio : 0,Utah : 191
Ubiquiti Networks USW-Mission-Critical-US UniFi Switch Mission Critical US,$999.00,Ohio : 0,Utah : 0
Ubiquiti Networks UVC-AI-360 UniFi Video Camera AI 360,$399.00,Ohio : 0,Utah : 0
Ubiquiti Networks UACC-Cable-C5e-Outdoor-Pro-305M-W UniFi Outdoor Cable C5e 305m White,$149.00,Ohio : 0,Utah : 0
Ubiquiti Networks UACC-Cable-Patch-Outdoor-1M-BK UISP Patch Cable Outdoor 1m Black,$4.00,Ohio : 0,Utah : 90
Ubiquiti Networks UACC-Cable-Patch-Outdoor-2M-BK UISP Patch Cable Outdoor 2m Black,$5.00,Ohio : 0,Utah : 45
Ubiquiti Networks UACC-Cable-Patch-Outdoor-1M-W UISP Patch Cable Outdoor 1m White,$4.00,Ohio : 5,Utah : 90
Ubiquiti Networks UACC-Cable-Patch-Outdoor-2M-W UISP Patch Cable Outdoor 2m White,$5.00,Ohio : 5,Utah : 44
Ubiquiti Networks UACC-Cable-Patch-Outdoor-3M-BK UISP Patch Cable Outdoor 3m Black,$6.00,Ohio : 0,Utah : 7
Ubiquiti Networks UACC-Cable-Patch-Outdoor-3M-W UISP Patch Cable Outdoor 3m White,$6.00,Ohio : 22,Utah : 13
Ubiquiti Networks UACC-Cable-Patch-Outdoor-5M-BK UISP Patch Cable Outdoor 5m Black,$8.00,Ohio : 2,Utah : 1
Ubiquiti Networks UACC-Cable-Patch-Outdoor-5M-W UISP Patch Cable Outdoor 5m White,$8.00,Ohio : 0,Utah : 27
Ubiquiti Networks UACC-Cable-Patch-Outdoor-8M-BK UISP Patch Cable Outdoor 8m Black,$11.00,Ohio : 0,Utah : 8
Ubiquiti Networks UACC-Cable-Patch-Outdoor-8M-W UISP Patch Cable Outdoor 8m White,$11.00,Ohio : 0,Utah : 36
Ubiquiti Networks UA-Reader Lite UniFi Access Reader Lite,$99.00,Ohio : 37,Utah : 42
Ubiquiti Networks U-Cable-Patch-0.3M-RJ45BL UniFi Cat6 Patch Cable 0.3m Blue,$2.20,Ohio : 240,Utah : 309
Ubiquiti Networks U-Cable-Patch-0.3M-RJ45BK UniFi Cat6 Patch Cable 0.3m Black,$2.20,Ohio : 13,Utah : 240
Ubiquiti Networks AF60-XR-US 60GHz airFiber15km+ SFP+ US,$999.00,Ohio : 0,Utah : 0
Ubiquiti Networks AF60-XR 60GHz airFiber15km+ SFP+,$999.00,Ohio : 0,Utah : 0
Ubiquiti Networks AFi-P-HD AmpliFi High Density Home Mesh Point,$129.99,Ohio : 0,Utah : 0
Ubiquiti Networks UACC-OM-MM-1G-D-20 Optical Module Multi-Mode 1Gbps 20Pk,$150.00,Ohio : 1,Utah : 0
Ubiquiti Networks UACC-CKG2-Plus Stand Cloud Key Stand,$19.00,Ohio : 0,Utah : 34
Ubiquiti Networks UISP-Console UISP Console,$299.00,Ohio : 0,Utah : 117
Ubiquiti Networks U-Rack-6U-TL 6U Toolless Mini Rack,$299.00,Ohio : 92,Utah : 74
Ubiquiti Networks Wave-LR UISP Wave Long-Range ROW,$299.00,Ohio : 0,Utah : 0
Ubiquiti Networks Wave-Nano-US UISP Wave Nano,$199.00,Ohio : 0,Utah : 0
Ubiquiti Networks Wave-AP-US UISP Wave Access Point,$499.00,Ohio : 221,Utah : 444
Ubiquiti Networks UVC-G5-Dome UniFi Video Camera G5 Dome,$179.00,Ohio : 0,"Utah : 3,425"
Ubiquiti Networks UVC-G5-Bullet UniFi Video Camera G5 Bullet,$129.00,Ohio : 0,Utah : 993
Ubiquiti Networks UT-ATA-US Talk Telephone Adapter,$99.00,Ohio : 0,Utah : 77
Ubiquiti Networks Wave-LR-US UISP Wave Long-Range,$299.00,Ohio : 0,Utah : 36
Ubiquiti Networks UVC-AI-Bullet UniFi Protect Camera AI Bullet,$399.00,Ohio : 0,Utah : 0
Ubiquiti Networks UTP-Touch-White-U UniFi Talk Phone Touch (Unlocked) White,$199.00,Ohio : 0,Utah : 36
Ubiquiti Networks UTP-TouchMax-U UniFi Talk Phone Touch Max (Unlocked),$299.00,Ohio : 0,Utah : 40
Ubiquiti Networks UTP-Touch-U UniFi Talk Phone Touch (Unlocked),$199.00,Ohio : 0,Utah : 55
Ubiquiti Networks UBB-XG-US UniFi Building-to-Building 60GHz SFP+ US,$999.00,Ohio : 0,Utah : 80
Ubiquiti Networks U-LTE-Backup Pro UniFi LTE 802.3at Backup Professional,$279.00,Ohio : 0,Utah : 97
Ubiquiti Networks UISP-S-Pro UISP Switch Pro,$479.00,Ohio : 0,Utah : 9
Ubiquiti Networks UISP-Connector-SHD Surge Protection Connector,$19.00,Ohio : 0,Utah : 0
Ubiquiti Networks WM-W WiFiMan Wizard Spectrum Analyzer,$99.00,Ohio : 0,Utah : 118
